id,first_name,last_name,email,gender,ip_address
1,Mayne,Couth,mcouth0@dropbox.com,Male,74.12.138.125
2,Dougy,Hakonsen,dhakonsen1@sitemeter.com,Male,113.120.209.11
3,Amalle,Nunn,anunn2@deviantart.com,Female,92.179.119.64
4,Kial,Keay,kkeay3@aol.com,Female,183.219.108.46
5,Jessika,Clymo,jclymo4@joomla.org,Female,20.10.128.36
6,Farica,McIllroy,fmcillroy5@wikispaces.com,Female,83.124.94.23
7,Andrea,Castellino,acastellino6@arizona.edu,Male,223.172.117.173
8,Hatti,O'Cullinane,hocullinane7@yahoo.com,Female,109.144.130.90
9,Lavinie,Santino,lsantino8@gmpg.org,Female,68.80.99.62
10,Phil,Filisov,pfilisov9@upenn.edu,Male,141.45.229.32
11,Andrey,Taggett,ataggetta@google.ca,Male,53.148.250.55
12,Stanislaus,Martinuzzi,smartinuzzib@google.ru,Male,132.43.165.234
13,Moses,Meyrick,mmeyrickc@dagondesign.com,Male,63.53.208.32
14,Elita,Tryhorn,etryhornd@yahoo.co.jp,Female,241.206.165.167
15,Kizzie,Inder,kindere@phpbb.com,Female,93.1.168.77
16,Dona,Graben,dgrabenf@scribd.com,Female,14.55.234.59
17,Padriac,Goddman,pgoddmang@squidoo.com,Male,47.247.73.86
18,Madelyn,Erridge,merridgeh@prnewswire.com,Female,118.12.103.54
19,Benoit,Duffree,bduffreei@ask.com,Male,104.201.21.244
20,Talbert,Brandom,tbrandomj@oaic.gov.au,Male,240.129.200.231
21,Harmonia,Westerman,hwestermank@slideshare.net,Female,137.243.144.174
22,Fifi,Prator,fpratorl@newyorker.com,Female,87.60.249.194
23,Wilbur,Cloughton,wcloughtonm@seattletimes.com,Male,196.194.146.156
24,Adrian,Castellanos,acastellanosn@yahoo.co.jp,Female,41.99.215.235
25,Britte,Tockell,btockello@merriam-webster.com,Female,11.113.246.248
26,Serge,Folli,sfollip@ed.gov,Male,120.165.122.82
27,Harrietta,Beau,hbeauq@hud.gov,Female,188.191.123.63
28,Ethelind,Bangiard,ebangiardr@archive.org,Female,255.252.116.17
29,Hinda,Blackeby,hblackebys@sakura.ne.jp,Female,39.95.44.150
30,Cob,Nancarrow,cnancarrowt@mashable.com,Male,214.78.54.237
31,L;urette,Johnes,ljohnesu@weebly.com,Female,35.88.143.154
32,Shana,McCrystal,smccrystalv@tinypic.com,Female,254.73.245.242
33,Aloin,Summerly,asummerlyw@issuu.com,Male,241.33.66.120
34,Winn,Cleall,wcleallx@delicious.com,Polygender,171.201.12.232
35,Cordell,Hartill,chartilly@ezinearticles.com,Male,153.89.113.170
36,Allin,Oiseau,aoiseauz@reuters.com,Male,235.216.26.231
37,Brandea,Stennard,bstennard10@google.pl,Female,75.159.189.133
38,Nelly,De Michele,ndemichele11@mac.com,Female,1.41.206.131
39,Eda,Sherrard,esherrard12@github.io,Female,214.25.72.142
40,Oby,Orcott,oorcott13@joomla.org,Male,40.43.47.211
41,Donalt,Couldwell,dcouldwell14@angelfire.com,Male,231.168.213.56
42,Humfried,Stobbe,hstobbe15@youtube.com,Male,203.246.57.115
43,Ammamaria,Tomet,atomet16@amazon.de,Female,186.236.50.72
44,Terri-jo,Wonham,twonham17@omniture.com,Female,8.61.180.231
45,Milka,Murkus,mmurkus18@sourceforge.net,Female,174.69.160.224
46,Sayre,Cattini,scattini19@washington.edu,Male,205.102.15.86
47,Benita,Clissell,bclissell1a@privacy.gov.au,Female,69.247.22.171
48,Deirdre,Tomkin,dtomkin1b@wikia.com,Female,134.185.135.167
49,Maxy,Cinavas,mcinavas1c@ucsd.edu,Male,45.64.108.37
50,Camilla,Sawley,csawley1d@house.gov,Non-binary,199.95.44.110
51,Krispin,Condy,kcondy1e@boston.com,Non-binary,182.214.218.227
52,Roy,MacGahey,rmacgahey1f@fda.gov,Male,211.33.96.211
53,Livy,Rawlison,lrawlison1g@google.nl,Polygender,122.164.70.105
54,Danny,Petrillo,dpetrillo1h@unblog.fr,Female,124.150.119.113
55,Gannie,Wagon,gwagon1i@creativecommons.org,Male,130.88.192.47
56,Donni,Hadland,dhadland1j@ezinearticles.com,Female,248.10.167.41
57,Giacobo,Speerman,gspeerman1k@baidu.com,Male,22.109.198.137
58,Willie,Spadelli,wspadelli1l@apache.org,Male,216.222.217.7
59,Madelyn,Dunston,mdunston1m@opensource.org,Female,188.14.216.195
60,Annmaria,Rulten,arulten1n@acquirethisname.com,Genderfluid,99.151.183.190
61,Malchy,Creany,mcreany1o@cnet.com,Male,112.33.36.111
62,Candace,Whitaker,cwhitaker1p@cloudflare.com,Female,237.214.79.97
63,Bay,Matula,bmatula1q@wikimedia.org,Male,242.213.54.211
64,Kylen,Linley,klinley1r@si.edu,Female,1.148.167.4
65,Lavena,Brewer,lbrewer1s@answers.com,Female,209.245.255.164
66,Jilly,Royce,jroyce1t@cmu.edu,Female,6.76.169.18
67,Carmelina,Barrett,cbarrett1u@mozilla.org,Female,125.4.158.201
68,Ezequiel,Snepp,esnepp1v@sourceforge.net,Male,93.201.115.191
69,Brien,Vreiberg,bvreiberg1w@bizjournals.com,Male,57.16.179.141
70,Angie,Melin,amelin1x@dagondesign.com,Male,161.79.27.178
71,Irv,Traite,itraite1y@europa.eu,Male,103.219.21.75
72,Larry,Moynham,lmoynham1z@fastcompany.com,Male,42.94.230.117
73,Whitney,D'Oyley,wdoyley20@abc.net.au,Male,160.191.18.31
74,Martha,Beyer,mbeyer21@themeforest.net,Female,20.142.250.113
75,Lenee,Porte,lporte22@sogou.com,Female,201.101.78.49
76,Becki,Isoldi,bisoldi23@nasa.gov,Female,185.136.39.29
77,Mellisa,Perin,mperin24@jiathis.com,Female,198.22.241.177
78,Sascha,Richemont,srichemont25@pcworld.com,Male,104.3.1.248
79,Mara,Pool,mpool26@amazon.de,Female,100.25.25.31
80,Correy,Germain,cgermain27@ovh.net,Male,44.89.176.67
81,Paulita,Loche,ploche28@goodreads.com,Female,103.225.223.223
82,Ilysa,Josefovic,ijosefovic29@goodreads.com,Female,167.163.158.113
83,Ryan,Lilloe,rlilloe2a@theglobeandmail.com,Male,97.37.11.127
84,Hale,Goff,hgoff2b@1und1.de,Male,146.45.12.148
85,Hewett,Boardman,hboardman2c@topsy.com,Male,114.204.216.41
86,Farica,Lovejoy,flovejoy2d@cafepress.com,Female,125.52.142.113
87,Anna-maria,Mazonowicz,amazonowicz2e@cloudflare.com,Female,147.146.168.100
88,Milly,Innott,minnott2f@gnu.org,Genderfluid,55.226.222.251
89,Jeremy,Vasilenko,jvasilenko2g@cnbc.com,Male,215.193.5.198
90,Fritz,Marvelley,fmarvelley2h@ameblo.jp,Male,194.49.56.213
91,Tressa,Tarren,ttarren2i@archive.org,Female,253.115.90.118
92,Cooper,Karchowski,ckarchowski2j@dyndns.org,Male,170.220.80.214
93,Kesley,Larvent,klarvent2k@bizjournals.com,Female,28.92.66.72
94,Karisa,Braben,kbraben2l@marketwatch.com,Female,59.88.7.160
95,Kerrin,McCaig,kmccaig2m@delicious.com,Female,170.90.238.254
96,Paddy,Maunders,pmaunders2n@hostgator.com,Genderfluid,245.102.53.125
97,Pail,Braunlein,pbraunlein2o@cornell.edu,Genderqueer,146.84.66.125
98,Melloney,Goodsell,mgoodsell2p@macromedia.com,Female,226.16.57.132
99,Mead,Craigg,mcraigg2q@exblog.jp,Male,209.109.40.181
100,Bria,Wheelan,bwheelan2r@yolasite.com,Female,232.36.159.153
101,Quintus,Romaines,qromaines2s@discuz.net,Male,137.123.225.25
102,Juliane,Thireau,jthireau2t@w3.org,Female,172.208.42.96
103,Uri,Tonbridge,utonbridge2u@elpais.com,Male,10.253.167.95
104,Berny,Beckett,bbeckett2v@dion.ne.jp,Male,121.103.211.237
105,Cynthea,Kunat,ckunat2w@earthlink.net,Female,248.198.210.10
106,Neil,Comelli,ncomelli2x@pen.io,Male,71.17.226.63
107,Lisabeth,Burnhill,lburnhill2y@hostgator.com,Female,70.184.220.44
108,Kyle,Tynnan,ktynnan2z@ucsd.edu,Male,26.88.109.37
109,Dolli,Illston,dillston30@usatoday.com,Female,199.228.167.132
110,Christina,Bjorkan,cbjorkan31@state.gov,Female,83.205.183.235
111,Reinhard,McCrackan,rmccrackan32@nyu.edu,Genderqueer,241.37.206.228
112,Jeffie,Ivanov,jivanov33@adobe.com,Male,117.63.201.150
113,Griff,Lundbeck,glundbeck34@ucla.edu,Male,252.197.118.125
114,Tull,Thomkins,tthomkins35@uiuc.edu,Male,63.94.104.145
115,Orin,Creffeild,ocreffeild36@hugedomains.com,Male,103.233.29.190
116,Charlton,Bucksey,cbucksey37@github.io,Male,176.146.236.190
117,Mac,Powton,mpowton38@apple.com,Male,66.101.66.176
118,Pierrette,Clausius,pclausius39@qq.com,Female,33.5.136.117
119,Dosi,Kitchiner,dkitchiner3a@macromedia.com,Female,151.152.114.225
120,Julian,de Pinna,jdepinna3b@vimeo.com,Male,212.120.45.179
121,Joletta,Nanni,jnanni3c@shop-pro.jp,Female,121.128.185.54
122,Donn,Tortice,dtortice3d@linkedin.com,Male,151.89.120.88
123,Augustus,Forster,aforster3e@latimes.com,Male,69.21.233.186
124,Rhona,Goby,rgoby3f@blogs.com,Female,174.6.167.246
125,Violette,Cannicott,vcannicott3g@cafepress.com,Female,45.248.165.182
126,Erl,Ryce,eryce3h@gizmodo.com,Male,72.210.220.72
127,Sacha,Ruprich,sruprich3i@scientificamerican.com,Female,115.135.83.185
128,Lesly,Drains,ldrains3j@sitemeter.com,Female,211.198.188.239
129,Nikola,Danigel,ndanigel3k@mediafire.com,Male,184.169.1.46
130,Heywood,Morcom,hmorcom3l@shinystat.com,Male,246.124.149.104
131,Manon,McEntee,mmcentee3m@java.com,Female,204.215.216.97
132,Arlie,Elbourn,aelbourn3n@google.it,Female,36.164.245.148
133,Clarence,Hinemoor,chinemoor3o@bravesites.com,Male,188.101.194.233
134,Dayna,Lidgerton,dlidgerton3p@ovh.net,Female,136.129.37.21
135,Adore,Patience,apatience3q@economist.com,Bigender,180.186.229.121
136,Waylan,Bunting,wbunting3r@canalblog.com,Male,101.133.65.214
137,Irv,Mossom,imossom3s@facebook.com,Male,223.238.171.193
138,Fianna,Dickings,fdickings3t@gmpg.org,Female,226.165.176.170
139,Rosamund,Caselick,rcaselick3u@youtu.be,Female,48.34.165.242
140,Ahmad,Dabrowski,adabrowski3v@prnewswire.com,Male,125.93.123.51
141,Zabrina,McGinty,zmcginty3w@surveymonkey.com,Female,191.6.135.200
142,Sollie,Laidler,slaidler3x@kickstarter.com,Male,243.141.14.162
143,Larissa,Janauschek,ljanauschek3y@latimes.com,Female,153.127.168.199
144,Staci,Goodliff,sgoodliff3z@who.int,Female,190.133.14.216
145,Lynn,Dunbleton,ldunbleton40@mtv.com,Male,73.170.91.222
146,Ignacius,Goodsell,igoodsell41@marriott.com,Male,70.116.204.191
147,Raviv,Winton,rwinton42@google.cn,Male,51.182.240.144
148,Ninon,McPeeters,nmcpeeters43@wisc.edu,Non-binary,135.248.11.139
149,Elmer,Janaway,ejanaway44@apache.org,Male,27.77.76.90
150,Donall,Pettis,dpettis45@skype.com,Male,37.11.153.164
151,Aland,Genders,agenders46@apple.com,Male,239.64.177.217
152,Denys,Ketton,dketton47@npr.org,Female,131.133.245.90
153,Elinore,Markovich,emarkovich48@omniture.com,Female,70.130.31.119
154,Billy,Lovie,blovie49@alibaba.com,Male,186.16.247.132
155,Brande,Feary,bfeary4a@ovh.net,Female,100.35.63.92
156,Marcile,Helder,mhelder4b@webnode.com,Female,203.170.163.54
157,Creight,Szanto,cszanto4c@gov.uk,Male,155.198.154.115
158,Nicolle,Durno,ndurno4d@ibm.com,Female,242.175.139.231
159,Patty,Grotty,pgrotty4e@adobe.com,Male,207.110.145.91
160,Shirlene,Bilbery,sbilbery4f@vkontakte.ru,Bigender,2.27.90.78
161,Sydney,Collett,scollett4g@army.mil,Agender,121.139.189.116
162,Lora,Tebboth,ltebboth4h@techcrunch.com,Female,231.213.246.209
163,Charlotta,Cowwell,ccowwell4i@ask.com,Female,14.135.137.124
164,Faydra,Mourgue,fmourgue4j@list-manage.com,Female,220.120.233.153
165,Minnnie,Stevens,mstevens4k@fda.gov,Female,198.125.179.6
166,Avrom,Poynor,apoynor4l@google.com.hk,Male,133.238.109.36
167,Myer,Birtchnell,mbirtchnell4m@woothemes.com,Polygender,170.17.199.83
168,Banky,Medler,bmedler4n@scribd.com,Male,178.82.176.56
169,Carey,Mottinelli,cmottinelli4o@businessinsider.com,Female,213.165.240.10
170,Quillan,Towlson,qtowlson4p@salon.com,Male,103.164.74.167
171,Elnora,Durran,edurran4q@apple.com,Genderqueer,196.195.99.248
172,Nickolaus,Weir,nweir4r@wired.com,Male,169.231.96.41
173,Melantha,Garrould,mgarrould4s@hugedomains.com,Female,225.226.132.17
174,Alwin,Norwich,anorwich4t@blogs.com,Male,8.216.122.254
175,Celestia,Brugden,cbrugden4u@scribd.com,Bigender,189.0.92.252
176,Chad,Tabourin,ctabourin4v@paypal.com,Male,141.68.101.124
177,Lev,Elcott,lelcott4w@sun.com,Polygender,234.168.71.65
178,Kaye,Paladini,kpaladini4x@apple.com,Female,94.232.74.50
179,Gerome,Bentsen,gbentsen4y@earthlink.net,Male,159.246.93.76
180,Dietrich,Bayley,dbayley4z@biglobe.ne.jp,Male,120.61.148.83
181,Kort,Ivanov,kivanov50@examiner.com,Non-binary,53.199.232.12
182,Evelyn,Sizzey,esizzey51@4shared.com,Male,253.42.243.127
183,Dud,Worshall,dworshall52@rambler.ru,Male,34.200.8.115
184,Fredrick,Dahlberg,fdahlberg53@pinterest.com,Genderqueer,83.252.240.249
185,Hildegarde,Kennifick,hkennifick54@canalblog.com,Genderqueer,203.126.127.99
186,Dorothee,Castleman,dcastleman55@blogs.com,Female,251.128.22.65
187,Flin,Caff,fcaff56@illinois.edu,Male,188.187.74.2
188,Ernaline,Siemianowicz,esiemianowicz57@imgur.com,Female,183.75.193.8
189,Webb,Bawden,wbawden58@t-online.de,Male,220.184.10.209
190,Lily,Stonier,lstonier59@facebook.com,Female,28.74.115.89
191,Bjorn,Daveley,bdaveley5a@chicagotribune.com,Male,35.223.136.142
192,Christalle,Burgis,cburgis5b@blinklist.com,Female,242.142.38.140
193,Larry,Alpin,lalpin5c@goo.ne.jp,Non-binary,87.92.24.91
194,Gisela,Perkis,gperkis5d@virginia.edu,Female,81.39.76.188
195,Pierrette,Neiland,pneiland5e@elpais.com,Female,169.130.16.25
196,Jasmine,Islip,jislip5f@smugmug.com,Female,28.127.15.46
197,Idalina,Kleis,ikleis5g@t.co,Female,253.136.129.25
198,Pauletta,Forlong,pforlong5h@irs.gov,Genderfluid,99.130.163.96
199,Felecia,Vertigan,fvertigan5i@reference.com,Female,6.198.95.107
200,Kenna,Duncanson,kduncanson5j@artisteer.com,Female,174.204.152.132
201,Colly,Bragginton,cbragginton5k@jigsy.com,Bigender,103.252.99.62
202,Woodman,Banbrick,wbanbrick5l@ucoz.ru,Male,118.102.134.242
203,Godfree,Mattevi,gmattevi5m@elegantthemes.com,Male,38.167.99.68
204,Lewie,Kleisel,lkleisel5n@wordpress.org,Male,249.26.89.32
205,Val,Puckham,vpuckham5o@tripod.com,Male,218.158.93.30
206,Cassius,Dalli,cdalli5p@icio.us,Male,7.81.30.251
207,Salomone,Hightown,shightown5q@abc.net.au,Polygender,253.177.183.121
208,Shelba,Marmon,smarmon5r@plala.or.jp,Female,63.108.35.242
209,Billie,Hulse,bhulse5s@mapquest.com,Male,132.19.155.128
210,Annis,Mingay,amingay5t@npr.org,Female,112.99.95.248
211,Sherwynd,Shernock,sshernock5u@blogger.com,Male,31.163.57.194
212,Nert,Birkhead,nbirkhead5v@usatoday.com,Female,138.37.64.45
213,Harlen,Paolotto,hpaolotto5w@mashable.com,Male,209.188.35.228
214,Mychal,Rouby,mrouby5x@naver.com,Male,250.62.147.62
215,Gwendolen,Gookey,ggookey5y@google.ca,Female,115.74.60.176
216,Nicole,Degli Abbati,ndegliabbati5z@ft.com,Female,109.44.96.77
217,Dinny,Kempstone,dkempstone60@bigcartel.com,Female,25.119.205.51
218,Karry,Engley,kengley61@163.com,Female,209.17.180.164
219,Shane,Trench,strench62@time.com,Female,182.109.208.90
220,Marty,Housego,mhousego63@usda.gov,Female,161.236.158.190
221,Gwendolyn,Greenstead,ggreenstead64@bravesites.com,Female,30.84.175.26
222,Katine,Burrill,kburrill65@uol.com.br,Female,22.62.209.212
223,Sawyer,Kilminster,skilminster66@nasa.gov,Male,96.163.197.158
224,Arabelle,Zapatero,azapatero67@paypal.com,Female,62.182.173.107
225,Devondra,Caccavella,dcaccavella68@histats.com,Female,131.34.63.190
226,L;urette,Cockton,lcockton69@reference.com,Female,151.106.253.186
227,Ford,Rens,frens6a@deliciousdays.com,Male,219.43.103.138
228,Ewell,Moors,emoors6b@networksolutions.com,Male,115.91.130.197
229,Charmine,Lamborn,clamborn6c@webs.com,Female,204.190.169.59
230,Edsel,Gorton,egorton6d@angelfire.com,Male,101.238.45.1
231,Milty,Bernholt,mbernholt6e@irs.gov,Male,39.240.128.55
232,Marrissa,Pignon,mpignon6f@feedburner.com,Agender,204.233.200.41
233,Gilli,Hunnicutt,ghunnicutt6g@4shared.com,Agender,218.57.54.253
234,Putnem,Mustin,pmustin6h@merriam-webster.com,Male,217.12.133.60
235,Em,Tookill,etookill6i@blog.com,Female,216.65.99.151
236,Tomasina,Astlatt,tastlatt6j@sitemeter.com,Female,26.233.170.193
237,Merill,Tott,mtott6k@cocolog-nifty.com,Male,183.165.140.158
238,Ninette,Gibson,ngibson6l@wufoo.com,Female,218.81.142.90
239,Hadley,Lamberto,hlamberto6m@japanpost.jp,Male,182.64.79.24
240,Eleonora,Elph,eelph6n@youtube.com,Female,86.194.134.114
241,Penrod,Lovitt,plovitt6o@bloomberg.com,Male,140.26.52.12
242,Alexandr,Peschka,apeschka6p@google.fr,Male,97.221.241.75
243,Brittan,Cornwall,bcornwall6q@ed.gov,Genderqueer,171.52.231.245
244,Christal,Rodliff,crodliff6r@bandcamp.com,Female,0.84.76.142
245,Sylas,Stower,sstower6s@google.ca,Male,253.28.110.65
246,Loralee,Seaward,lseaward6t@sourceforge.net,Female,17.148.85.138
247,Leoline,Sotham,lsotham6u@etsy.com,Female,142.190.116.200
248,Eb,Toffalo,etoffalo6v@hud.gov,Male,57.85.146.55
249,Joey,Disbrow,jdisbrow6w@google.pl,Male,185.51.58.138
250,Clarita,Burdass,cburdass6x@multiply.com,Female,248.98.33.225
251,Doug,Wellman,dwellman6y@tinyurl.com,Male,246.22.123.245
252,Roderigo,Corkan,rcorkan6z@1und1.de,Male,90.57.69.113
253,Hedwiga,Whyberd,hwhyberd70@amazonaws.com,Female,172.14.177.250
254,Nels,Santon,nsanton71@patch.com,Male,16.112.44.24
255,Heywood,Klagges,hklagges72@bbb.org,Male,155.12.41.113
256,Suzanna,Vasser,svasser73@fc2.com,Female,243.53.148.242
257,Marylinda,Loche,mloche74@engadget.com,Female,63.141.193.85
258,Reg,Doggrell,rdoggrell75@vimeo.com,Male,124.113.167.141
259,Heddie,Kain,hkain76@gov.uk,Female,112.208.42.125
260,Reynard,Bailey,rbailey77@diigo.com,Male,49.204.213.181
261,Job,Pearne,jpearne78@patch.com,Male,77.8.207.132
262,Anette,Tutchener,atutchener79@friendfeed.com,Female,181.143.133.89
263,Tracee,Stebles,tstebles7a@etsy.com,Female,177.163.179.109
264,Alaster,Bucklan,abucklan7b@naver.com,Male,196.178.132.168
265,Nico,Maffey,nmaffey7c@chron.com,Male,169.36.220.65
266,Guthry,Fairy,gfairy7d@ted.com,Male,158.229.130.53
267,Eal,Harradine,eharradine7e@cam.ac.uk,Male,125.19.245.201
268,Grata,Milley,gmilley7f@linkedin.com,Female,59.16.59.160
269,Myer,Kleehuhler,mkleehuhler7g@cornell.edu,Male,145.76.144.129
270,Rebekkah,Muselli,rmuselli7h@gizmodo.com,Female,96.187.218.6
271,Josee,Annies,jannies7i@gov.uk,Female,117.92.189.197
272,Walliw,Enion,wenion7j@theglobeandmail.com,Agender,205.153.143.55
273,Alissa,Culshaw,aculshaw7k@technorati.com,Non-binary,211.120.137.160
274,Gillie,Peyes,gpeyes7l@dagondesign.com,Female,241.206.45.134
275,Harman,Southorn,hsouthorn7m@illinois.edu,Male,93.20.146.83
276,Reba,Whettleton,rwhettleton7n@blog.com,Female,248.218.191.212
277,Hansiain,McClelland,hmcclelland7o@free.fr,Male,215.191.153.216
278,Alyosha,Pulster,apulster7p@cdbaby.com,Male,22.145.181.42
279,Cristionna,Hairesnape,chairesnape7q@ifeng.com,Female,78.53.243.9
280,Tara,Seedull,tseedull7r@oaic.gov.au,Female,104.148.157.249
281,Sherlock,Knappett,sknappett7s@last.fm,Male,228.161.172.135
282,Hasty,Hitzke,hhitzke7t@blogspot.com,Male,7.47.52.77
283,Pierce,Shurman,pshurman7u@ucsd.edu,Male,24.65.183.131
284,Petronella,Olivia,polivia7v@timesonline.co.uk,Female,204.155.119.191
285,Jeramey,Tute,jtute7w@devhub.com,Male,188.27.158.200
286,Byrom,de Mendoza,bdemendoza7x@amazon.de,Male,158.41.148.240
287,Rollo,Harmon,rharmon7y@ed.gov,Male,174.147.235.31
288,Boote,Wheatley,bwheatley7z@google.com.hk,Male,126.205.112.237
289,Susi,Scholes,sscholes80@blogtalkradio.com,Female,224.228.239.104
290,Talia,Edie,tedie81@earthlink.net,Female,42.159.201.237
291,Prentice,Fumagall,pfumagall82@parallels.com,Non-binary,81.98.72.81
292,Gerardo,Meys,gmeys83@japanpost.jp,Male,45.244.57.4
293,Rebecka,Niezen,rniezen84@slashdot.org,Female,52.9.140.226
294,Shea,Dallosso,sdallosso85@hostgator.com,Genderfluid,6.205.77.230
295,Maure,Grisdale,mgrisdale86@arizona.edu,Female,8.97.211.200
296,Josiah,Litchmore,jlitchmore87@pbs.org,Agender,164.48.111.202
297,Halley,Creasey,hcreasey88@yellowpages.com,Bigender,196.63.24.200
298,Abram,Klampt,aklampt89@oaic.gov.au,Genderfluid,57.94.164.195
299,Nell,Devil,ndevil8a@tamu.edu,Female,4.146.56.82
300,Hayes,Pearman,hpearman8b@netlog.com,Male,144.31.171.52
301,Kim,Doeg,kdoeg8c@nba.com,Female,191.112.10.194
302,Henrie,Vel,hvel8d@list-manage.com,Bigender,224.6.70.102
303,Marijn,Gaveltone,mgaveltone8e@jigsy.com,Male,16.136.6.16
304,Briant,Blaske,bblaske8f@yellowbook.com,Male,82.135.40.174
305,Elizabet,Haggard,ehaggard8g@google.de,Female,211.239.18.234
306,Fidelio,Monson,fmonson8h@sogou.com,Male,241.49.29.254
307,Cozmo,Burker,cburker8i@bbc.co.uk,Male,124.77.88.179
308,Christine,Rahl,crahl8j@cnet.com,Female,53.41.217.84
309,Junette,De Bischop,jdebischop8k@google.fr,Female,120.48.109.74
310,Veronike,Cullum,vcullum8l@squidoo.com,Female,198.200.72.203
311,Lee,Newgrosh,lnewgrosh8m@webs.com,Genderqueer,134.105.111.169
312,Janenna,Lally,jlally8n@opera.com,Female,178.154.205.154
313,Pandora,Lamborne,plamborne8o@webnode.com,Female,171.113.236.12
314,Hardy,Gianolini,hgianolini8p@webeden.co.uk,Male,93.22.10.82
315,Bail,Outibridge,boutibridge8q@rediff.com,Male,63.221.163.159
316,Zita,Stockhill,zstockhill8r@howstuffworks.com,Female,193.127.75.36
317,Jaquelin,Treadway,jtreadway8s@yahoo.co.jp,Female,230.251.44.226
318,Ada,Fazzioli,afazzioli8t@boston.com,Non-binary,71.106.88.207
319,Morganica,Chessel,mchessel8u@netscape.com,Female,227.16.67.80
320,Belia,Jewson,bjewson8v@amazonaws.com,Female,142.110.57.25
321,Barnard,Nuss,bnuss8w@ft.com,Male,252.5.130.51
322,Kiel,Goodhall,kgoodhall8x@businessweek.com,Male,165.159.119.188
323,Keen,Melmeth,kmelmeth8y@biglobe.ne.jp,Male,204.84.41.113
324,Bunnie,Mahomet,bmahomet8z@webeden.co.uk,Female,104.170.158.143
325,Augy,Ledamun,aledamun90@nyu.edu,Male,163.242.74.62
326,Kerry,Dulson,kdulson91@example.com,Female,128.29.110.127
327,Laurene,Paddock,lpaddock92@samsung.com,Female,65.124.134.36
328,Bartolomeo,Boutellier,bboutellier93@fda.gov,Male,18.153.66.47
329,Olivia,Belmont,obelmont94@nih.gov,Female,226.5.75.160
330,Flossi,Guido,fguido95@cargocollective.com,Genderqueer,96.215.233.175
331,Mollee,Tellenbroker,mtellenbroker96@usa.gov,Female,32.206.160.229
332,Griff,Beefon,gbeefon97@biglobe.ne.jp,Male,238.32.8.254
333,Cinnamon,Coleborn,ccoleborn98@vimeo.com,Non-binary,55.1.137.15
334,Calley,Comberbach,ccomberbach99@sbwire.com,Female,50.150.124.224
335,Kalila,MacCorkell,kmaccorkell9a@java.com,Genderqueer,76.192.255.142
336,Haley,MacColgan,hmaccolgan9b@prnewswire.com,Polygender,222.125.214.201
337,Kingston,Goublier,kgoublier9c@smugmug.com,Male,131.30.137.171
338,Stephen,Ridel,sridel9d@cbslocal.com,Male,33.17.202.69
339,Christy,Yurivtsev,cyurivtsev9e@uol.com.br,Female,39.115.155.249
340,Broderic,Rexworthy,brexworthy9f@mozilla.com,Male,151.87.67.137
341,Swen,Rosle,srosle9g@g.co,Male,175.201.250.72
342,Moises,Scothern,mscothern9h@dagondesign.com,Male,252.43.59.140
343,Juliette,McNelis,jmcnelis9i@purevolume.com,Female,92.146.174.93
344,Rice,Bispham,rbispham9j@ted.com,Male,249.28.39.99
345,Alvy,Craney,acraney9k@1und1.de,Male,65.109.71.65
346,Buddie,Mangham,bmangham9l@lulu.com,Male,177.188.180.141
347,Nicol,Braisher,nbraisher9m@shop-pro.jp,Male,3.158.220.233
348,Dallis,Arter,darter9n@pen.io,Agender,48.26.199.84
349,Renaldo,Bertenshaw,rbertenshaw9o@hao123.com,Male,149.177.170.32
350,Caye,Carver,ccarver9p@google.com.au,Female,184.229.194.227
351,Izabel,Coleshill,icoleshill9q@twitter.com,Female,52.119.141.233
352,Aldridge,Pinching,apinching9r@aol.com,Male,3.218.180.0
353,Thaddeus,Stern,tstern9s@google.ru,Male,217.174.43.140
354,Audry,Huett,ahuett9t@blogs.com,Female,103.204.6.231
355,Otes,Guyers,oguyers9u@unicef.org,Male,78.99.118.117
356,Rosco,Adlem,radlem9v@wp.com,Male,182.247.225.221
357,Howard,Sirman,hsirman9w@msn.com,Male,79.64.175.10
358,Elli,Dies,edies9x@wikipedia.org,Female,113.236.97.234
359,Bronson,Lurcock,blurcock9y@alibaba.com,Male,115.103.249.124
360,Brew,Libero,blibero9z@360.cn,Male,74.213.179.135
361,Paige,Shann,pshanna0@amazon.co.uk,Female,16.152.51.62
362,Elyse,Druitt,edruitta1@wsj.com,Female,161.178.53.22
363,Tynan,Strass,tstrassa2@quantcast.com,Male,24.165.9.9
364,Cthrine,Feeham,cfeehama3@mail.ru,Female,252.61.159.66
365,Bastian,Ughetti,bughettia4@liveinternet.ru,Male,147.243.103.149
366,Carce,Roskell,croskella5@istockphoto.com,Male,155.57.20.131
367,Pasquale,Deschelle,pdeschellea6@psu.edu,Male,108.54.49.173
368,Del,Mesias,dmesiasa7@theatlantic.com,Female,229.23.2.0
369,Consolata,Keohane,ckeohanea8@seattletimes.com,Female,47.102.77.185
370,Gayler,Comelini,gcomelinia9@oakley.com,Male,148.137.126.221
371,Lionel,Prestige,lprestigeaa@wordpress.com,Male,89.85.34.55
372,Dom,Kohneke,dkohnekeab@theatlantic.com,Male,5.228.242.3
373,Rog,Skitt,rskittac@people.com.cn,Male,67.216.32.16
374,Danya,Streeting,dstreetingad@moonfruit.com,Female,87.207.80.38
375,Armin,Conford,aconfordae@twitter.com,Male,48.17.82.156
376,Teriann,Demangeot,tdemangeotaf@ezinearticles.com,Female,68.115.55.63
377,Lulita,Viccary,lviccaryag@wunderground.com,Female,187.208.186.9
378,Euell,Ellissen,eellissenah@blogspot.com,Genderqueer,0.187.160.219
379,Mellisa,Castella,mcastellaai@kickstarter.com,Female,129.157.121.211
380,Bondon,Tudgay,btudgayaj@samsung.com,Polygender,128.236.87.8
381,Jdavie,MacNeachtain,jmacneachtainak@fda.gov,Male,26.128.250.185
382,Paige,Jeacock,pjeacockal@dyndns.org,Female,18.191.236.126
383,Derk,Rubartelli,drubartelliam@clickbank.net,Male,87.34.157.220
384,Adler,Riolfi,ariolfian@php.net,Male,134.210.72.20
385,Whitney,Gaul,wgaulao@hubpages.com,Male,22.47.117.122
386,Electra,Locard,elocardap@mediafire.com,Female,241.186.248.62
387,Minni,Dunn,mdunnaq@buzzfeed.com,Female,170.234.223.54
388,Frasier,Aykroyd,faykroydar@slate.com,Male,181.100.75.131
389,Constantin,Denley,cdenleyas@google.ru,Male,43.29.55.109
390,Dallas,Pattullo,dpattulloat@flickr.com,Bigender,169.46.98.74
391,Allie,McElhargy,amcelhargyau@state.gov,Male,236.25.116.4
392,Corbie,Bernath,cbernathav@columbia.edu,Male,205.16.220.62
393,Klarrisa,Yegorkov,kyegorkovaw@ucoz.ru,Female,223.216.178.250
394,Jamaal,Pisculli,jpisculliax@github.io,Male,195.255.80.59
395,Martyn,Sawkin,msawkinay@hubpages.com,Male,226.23.254.109
396,Kacie,Simkins,ksimkinsaz@dyndns.org,Female,125.127.121.27
397,Caryl,Trunchion,ctrunchionb0@cbslocal.com,Male,144.199.180.40
398,Yorgo,Morgon,ymorgonb1@meetup.com,Male,60.75.228.52
399,Bert,Garratty,bgarrattyb2@upenn.edu,Female,46.168.74.250
400,Briggs,Sapsford,bsapsfordb3@loc.gov,Agender,248.65.166.58
401,Alon,Fishleigh,afishleighb4@goodreads.com,Male,68.5.121.184
402,Almire,Buff,abuffb5@disqus.com,Female,53.78.75.16
403,Johann,Lavers,jlaversb6@nytimes.com,Male,97.117.189.237
404,Vaclav,Tayspell,vtayspellb7@wikipedia.org,Male,7.109.145.181
405,Nicoli,Emmot,nemmotb8@washington.edu,Female,170.211.82.16
406,Che,Retchless,cretchlessb9@senate.gov,Male,163.94.243.138
407,Trueman,Greenalf,tgreenalfba@fda.gov,Male,244.208.223.212
408,Palmer,Goldthorp,pgoldthorpbb@hostgator.com,Male,24.225.141.224
409,Darn,Benedito,dbeneditobc@bloglovin.com,Male,76.141.130.81
410,Tome,Fotitt,tfotittbd@webmd.com,Male,234.71.181.178
411,Trenna,Roman,tromanbe@pinterest.com,Female,67.252.96.42
412,Lucius,Redwood,lredwoodbf@naver.com,Male,103.164.233.70
413,Roxane,Giorgielli,rgiorgiellibg@toplist.cz,Female,1.253.41.234
414,Jacinda,Helian,jhelianbh@earthlink.net,Female,20.17.37.9
415,Morgana,Petronis,mpetronisbi@weather.com,Female,100.76.31.118
416,Demetris,Du Fray,ddufraybj@reverbnation.com,Male,74.156.222.196
417,Prudence,Wyllis,pwyllisbk@ebay.com,Female,153.14.235.52
418,Lenard,Beahan,lbeahanbl@va.gov,Male,39.143.71.235
419,Bondy,Mc Ilwrick,bmcilwrickbm@scribd.com,Male,144.115.227.173
420,Sara-ann,Rubinsaft,srubinsaftbn@uiuc.edu,Female,36.178.186.36
421,Isabella,Wallworth,iwallworthbo@geocities.com,Female,69.126.207.32
422,Kissie,Kite,kkitebp@networkadvertising.org,Female,114.146.42.180
423,Manolo,Davenhall,mdavenhallbq@homestead.com,Male,179.10.245.253
424,Thurstan,Portch,tportchbr@shareasale.com,Male,254.81.126.198
425,Amanda,Tong,atongbs@microsoft.com,Female,171.191.15.151
426,Allsun,Robberecht,arobberechtbt@cbc.ca,Female,49.192.18.231
427,Dev,Acarson,dacarsonbu@pbs.org,Male,148.136.9.159
428,Neall,Mullins,nmullinsbv@aboutads.info,Male,230.29.6.57
429,Pauletta,Chin,pchinbw@discuz.net,Female,98.139.92.218
430,Emlynn,Delafoy,edelafoybx@reddit.com,Bigender,213.61.47.234
431,Bernete,Raisbeck,braisbeckby@clickbank.net,Female,132.52.131.99
432,Bernard,Janaszkiewicz,bjanaszkiewiczbz@cpanel.net,Male,144.215.148.82
433,Rudiger,Murrock,rmurrockc0@dot.gov,Male,139.142.181.160
434,Marmaduke,Yekel,myekelc1@forbes.com,Male,33.56.239.160
435,Grissel,Suttill,gsuttillc2@slate.com,Female,109.32.157.221
436,Tersina,Stirrip,tstirripc3@amazon.com,Female,230.177.174.253
437,Ody,Stollenberg,ostollenbergc4@addthis.com,Male,160.5.87.16
438,Ginni,Nunn,gnunnc5@webs.com,Female,66.85.244.28
439,Farly,Elwin,felwinc6@4shared.com,Male,215.255.82.216
440,Adrien,O'Cahill,aocahillc7@e-recht24.de,Male,230.89.18.214
441,Yule,Wemm,ywemmc8@clickbank.net,Male,116.219.249.72
442,Aldis,Roch,arochc9@dagondesign.com,Male,2.189.68.10
443,Omero,Moretto,omorettoca@netvibes.com,Male,48.51.40.53
444,Cristine,Hofton,choftoncb@google.com.br,Female,229.127.119.109
445,Sidonnie,Lampaert,slampaertcc@unc.edu,Female,117.220.219.56
446,Sergio,Sommers,ssommerscd@aboutads.info,Male,166.82.19.74
447,Edyth,Berlin,eberlince@webmd.com,Female,90.183.19.156
448,Gretta,Spataro,gspatarocf@friendfeed.com,Female,114.205.183.242
449,Pier,Canfield,pcanfieldcg@a8.net,Agender,234.4.158.255
450,Rollie,Shemming,rshemmingch@elegantthemes.com,Male,249.255.228.102
451,Mitch,Hirche,mhircheci@infoseek.co.jp,Bigender,205.4.217.34
452,Noach,Fermoy,nfermoycj@google.com,Male,151.43.149.164
453,Nikolas,Plowes,nplowesck@usnews.com,Male,232.206.218.215
454,Simone,Duthy,sduthycl@constantcontact.com,Polygender,163.190.213.26
455,Selle,Steen,ssteencm@buzzfeed.com,Genderfluid,188.211.168.143
456,Sonnie,Normanville,snormanvillecn@businessinsider.com,Female,89.157.182.180
457,Julie,Thody,jthodyco@exblog.jp,Male,87.212.158.14
458,Pearle,Genge,pgengecp@toplist.cz,Female,76.104.254.233
459,Ulric,Bird,ubirdcq@shop-pro.jp,Male,207.93.71.134
460,Jeanine,Sperwell,jsperwellcr@sina.com.cn,Female,197.210.232.113
461,Thedric,Kehoe,tkehoecs@ebay.co.uk,Male,234.138.47.203
462,Shea,Dilke,sdilkect@businessinsider.com,Male,133.29.133.93
463,Kim,Beetham,kbeethamcu@clickbank.net,Male,228.56.148.94
464,Chauncey,McIlhagga,cmcilhaggacv@marriott.com,Male,214.1.213.73
465,Astrid,Synan,asynancw@slate.com,Female,19.227.0.21
466,Gonzales,Curzey,gcurzeycx@miibeian.gov.cn,Male,246.123.139.239
467,Jammal,MacKintosh,jmackintoshcy@seesaa.net,Male,4.30.78.156
468,Abbi,MacKowle,amackowlecz@sfgate.com,Female,97.79.6.240
469,Norean,Heynen,nheynend0@people.com.cn,Female,133.69.235.213
470,Dermot,Gierok,dgierokd1@go.com,Male,225.1.245.96
471,Eberto,Grimbleby,egrimblebyd2@elpais.com,Male,201.157.195.100
472,John,Branney,jbranneyd3@netvibes.com,Male,42.73.85.241
473,Abraham,Cheverell,acheverelld4@nature.com,Male,46.98.200.16
474,Cass,Sellner,csellnerd5@businesswire.com,Female,164.35.228.29
475,Rodge,Mahmood,rmahmoodd6@etsy.com,Male,22.103.159.48
476,Zane,Burlay,zburlayd7@i2i.jp,Male,56.227.190.90
477,Amble,Brettoner,abrettonerd8@aol.com,Male,119.157.130.33
478,Prudy,Tutchings,ptutchingsd9@google.nl,Female,215.17.106.220
479,Maryellen,Hedworth,mhedworthda@google.ca,Female,106.32.118.238
480,Mariam,Tilson,mtilsondb@washingtonpost.com,Female,188.1.80.136
481,Muhammad,Bolsteridge,mbolsteridgedc@issuu.com,Male,109.98.66.159
482,Burty,Zecchinelli,bzecchinellidd@myspace.com,Male,203.203.194.70
483,Paulita,Durber,pdurberde@squidoo.com,Female,174.138.62.136
484,Teressa,Preston,tprestondf@japanpost.jp,Bigender,208.78.31.209
485,Karlen,Noweak,knoweakdg@vinaora.com,Female,189.12.237.22
486,Joyce,Koene,jkoenedh@tinyurl.com,Female,36.39.160.46
487,Germain,Shackel,gshackeldi@apache.org,Female,6.141.35.24
488,Fanchon,Greening,fgreeningdj@sourceforge.net,Female,51.134.232.76
489,Billie,Barmby,bbarmbydk@latimes.com,Female,87.242.88.65
490,Delmer,Bean,dbeandl@nytimes.com,Male,36.92.139.173
491,Sapphire,Drable,sdrabledm@youku.com,Female,23.243.101.5
492,Alvinia,Honnicott,ahonnicottdn@about.me,Female,128.145.63.154
493,Worthington,Tackle,wtackledo@youtu.be,Male,41.161.195.5
494,Mariel,Edy,medydp@illinois.edu,Female,164.195.161.21
495,Morse,Balf,mbalfdq@gizmodo.com,Male,126.77.138.116
496,Appolonia,Dunkerley,adunkerleydr@hubpages.com,Female,4.28.143.25
497,Editha,Irwin,eirwinds@yellowpages.com,Female,146.156.180.140
498,Valli,Toulamain,vtoulamaindt@macromedia.com,Female,133.223.123.187
499,Conroy,St. Queintain,cstqueintaindu@livejournal.com,Male,239.183.149.40
500,Danya,Gasking,dgaskingdv@qq.com,Male,252.80.73.20
501,Mab,Desforges,mdesforgesdw@myspace.com,Female,1.232.179.200
502,Amalea,Pavitt,apavittdx@nsw.gov.au,Female,113.29.198.232
503,Grenville,Dudmarsh,gdudmarshdy@blogger.com,Male,184.74.139.27
504,Kahlil,Collimore,kcollimoredz@purevolume.com,Male,7.136.58.14
505,Claudina,Iapico,ciapicoe0@baidu.com,Genderfluid,57.6.191.36
506,Giulio,Wattins,gwattinse1@icq.com,Male,95.127.144.147
507,Elyssa,Brocklesby,ebrocklesbye2@dailymail.co.uk,Genderfluid,141.191.219.44
508,Terza,Meysham,tmeyshame3@webmd.com,Agender,179.135.74.202
509,Roscoe,Kibbel,rkibbele4@arizona.edu,Male,221.171.122.86
510,Skipton,Lindermann,slindermanne5@eventbrite.com,Male,78.125.197.63
511,Eb,Dorow,edorowe6@pcworld.com,Male,1.174.203.178
512,Chicky,Brailey,cbraileye7@cam.ac.uk,Male,249.134.179.1
513,Shandy,Posselt,sposselte8@cnet.com,Female,183.120.103.234
514,Zuzana,Jerdein,zjerdeine9@sun.com,Female,170.188.207.250
515,Leighton,Gainfort,lgainfortea@people.com.cn,Male,163.186.62.225
516,George,Mc Gee,gmcgeeeb@aboutads.info,Male,2.138.52.109
517,Elnora,Sterndale,esterndaleec@google.de,Female,127.248.149.27
518,Pietra,Rochewell,prochewelled@cbc.ca,Female,49.141.24.224
519,Petunia,Casolla,pcasollaee@t-online.de,Female,228.32.223.118
520,Gualterio,Bell,gbellef@gov.uk,Male,72.163.9.177
521,Yance,Houston,yhoustoneg@comcast.net,Male,207.125.177.191
522,Susi,Whitlaw,swhitlaweh@zdnet.com,Female,89.255.178.96
523,Ceil,Ducker,cduckerei@google.es,Female,72.1.56.191
524,Gunilla,Moorman,gmoormanej@tuttocitta.it,Female,219.24.184.107
525,Gwenny,Gosland,ggoslandek@example.com,Female,87.64.0.236
526,Ezra,Rekes,erekesel@hc360.com,Male,176.248.2.200
527,Ambros,Averies,aaveriesem@oakley.com,Male,211.160.79.63
528,Delano,Gallant,dgallanten@fastcompany.com,Male,85.135.215.162
529,Jeanelle,Wagner,jwagnereo@netvibes.com,Bigender,218.249.21.62
530,Randell,Calow,rcalowep@blogs.com,Agender,102.170.191.88
531,Lilla,Watkiss,lwatkisseq@amazon.co.uk,Female,209.156.165.189
532,Gnni,Shead,gsheader@ucsd.edu,Female,92.211.174.201
533,Poul,Heggison,pheggisones@unesco.org,Male,162.143.109.186
534,Sibyl,Hurd,shurdet@squidoo.com,Genderqueer,184.215.201.155
535,Theresita,Sawfoot,tsawfooteu@rambler.ru,Female,158.48.38.62
536,Teddie,Ashton,tashtonev@tumblr.com,Male,239.218.188.82
537,Ferrel,Quarles,fquarlesew@examiner.com,Male,191.200.161.109
538,Olivero,Marsden,omarsdenex@ezinearticles.com,Male,152.213.145.2
539,Lance,Ellins,lellinsey@nature.com,Male,62.237.161.169
540,Weider,Haston,whastonez@istockphoto.com,Male,80.60.100.38
541,Cathe,Sloan,csloanf0@un.org,Female,221.221.239.83
542,Winston,Farrant,wfarrantf1@gnu.org,Male,161.213.198.143
543,Toddy,Revie,trevief2@bloomberg.com,Male,3.165.213.233
544,Jared,Pieterick,jpieterickf3@examiner.com,Male,80.120.37.18
545,Ariadne,Elvey,aelveyf4@samsung.com,Agender,202.180.51.109
546,Allayne,Reynard,areynardf5@buzzfeed.com,Male,28.174.228.198
547,Aurthur,Sleigh,asleighf6@technorati.com,Male,189.83.90.156
548,Netta,Rodrig,nrodrigf7@yelp.com,Non-binary,250.119.175.139
549,Mabelle,Ruddoch,mruddochf8@wired.com,Female,112.33.18.107
550,Giovanni,Echelle,gechellef9@prweb.com,Male,108.152.236.83
551,Julian,Renoden,jrenodenfa@discuz.net,Male,96.177.162.20
552,Earl,Madle,emadlefb@last.fm,Male,28.106.240.203
553,Saunder,Renner,srennerfc@umich.edu,Male,46.139.87.17
554,Kerrie,Lygo,klygofd@ucoz.com,Female,98.194.246.138
555,Noell,Sawley,nsawleyfe@toplist.cz,Female,253.191.109.246
556,Roberta,Pimlock,rpimlockff@unblog.fr,Female,168.54.166.56
557,Blayne,Uebel,buebelfg@apache.org,Male,175.209.126.11
558,Casey,Lyford,clyfordfh@webmd.com,Male,20.3.120.234
559,Stanfield,Creasy,screasyfi@typepad.com,Male,215.157.50.65
560,Nappy,Jencey,njenceyfj@prnewswire.com,Male,185.121.209.141
561,Bartram,Aldwinckle,baldwincklefk@paginegialle.it,Male,253.157.72.122
562,Marlyn,Casson,mcassonfl@princeton.edu,Female,59.43.124.199
563,Britt,Broadley,bbroadleyfm@creativecommons.org,Male,205.37.206.98
564,Dianne,Allday,dalldayfn@wisc.edu,Female,77.103.71.242
565,Hyacinthe,Hehl,hhehlfo@hexun.com,Female,235.173.179.209
566,Rafaelia,Shuker,rshukerfp@51.la,Female,98.46.49.157
567,Mirilla,Edsell,medsellfq@toplist.cz,Female,162.104.226.74
568,Bob,Maeer,bmaeerfr@opensource.org,Male,41.146.9.109
569,Fran,Magner,fmagnerfs@cnet.com,Bigender,126.21.75.57
570,Nola,Amyes,namyesft@cbc.ca,Female,206.247.190.40
571,Lodovico,Selkirk,lselkirkfu@dot.gov,Genderfluid,8.64.208.61
572,Stephen,Swiffin,sswiffinfv@gnu.org,Male,124.185.82.138
573,Jarid,Aurelius,jaureliusfw@is.gd,Male,48.82.236.15
574,Rafaela,McEntagart,rmcentagartfx@bigcartel.com,Female,40.88.59.149
575,Edvard,Sebire,esebirefy@ustream.tv,Male,1.200.3.202
576,Oralia,Jowle,ojowlefz@sciencedaily.com,Female,33.202.239.142
577,Britney,Broadbury,bbroadburyg0@china.com.cn,Female,58.65.91.98
578,Dallas,Wastell,dwastellg1@barnesandnoble.com,Non-binary,193.137.99.81
579,Der,Brentnall,dbrentnallg2@linkedin.com,Male,32.234.110.85
580,Carmine,Mollatt,cmollattg3@senate.gov,Male,162.17.53.178
581,Delbert,Coomer,dcoomerg4@aol.com,Male,148.146.50.61
582,Cordell,Baglow,cbaglowg5@guardian.co.uk,Male,32.10.8.41
583,Arlene,Barkess,abarkessg6@examiner.com,Female,12.184.88.37
584,Miquela,Bold,mboldg7@quantcast.com,Female,250.92.59.254
585,Sanford,Danilevich,sdanilevichg8@canalblog.com,Male,57.178.113.53
586,Frieda,Morgon,fmorgong9@i2i.jp,Female,99.175.83.127
587,Ranee,Mabon,rmabonga@gizmodo.com,Female,129.60.106.90
588,Marlow,Safe,msafegb@hatena.ne.jp,Male,250.30.202.128
589,Rabbi,MacLaig,rmaclaiggc@columbia.edu,Male,8.82.254.208
590,Gerhardt,Esche,geschegd@infoseek.co.jp,Genderqueer,103.194.62.246
591,Randell,Popley,rpopleyge@vinaora.com,Male,140.187.54.26
592,Joellyn,Coatts,jcoattsgf@cornell.edu,Agender,47.190.1.75
593,Rorie,Gale,rgalegg@csmonitor.com,Non-binary,248.250.126.181
594,Artair,Antecki,aanteckigh@alexa.com,Male,227.185.66.254
595,Ebony,Ellph,eellphgi@foxnews.com,Female,248.90.51.162
596,Vin,Frew,vfrewgj@smh.com.au,Female,34.129.98.203
597,Brittne,Warrier,bwarriergk@oakley.com,Female,112.241.75.173
598,Bobbee,Bromhead,bbromheadgl@51.la,Female,59.243.223.127
599,Erminia,Lawtey,elawteygm@cisco.com,Female,166.109.161.245
600,Demetris,Dobeson,ddobesongn@ox.ac.uk,Female,210.228.177.229
601,Esme,Bednall,ebednallgo@bizjournals.com,Female,15.218.115.224
602,Hank,Brabbins,hbrabbinsgp@ehow.com,Male,219.39.246.6
603,Milty,Meeny,mmeenygq@fema.gov,Male,215.156.118.167
604,Dianemarie,MacCosty,dmaccostygr@usnews.com,Female,29.98.165.78
605,Curry,Duggleby,cdugglebygs@cnn.com,Agender,35.58.162.228
606,Pam,Kondrat,pkondratgt@issuu.com,Female,106.98.196.241
607,Amble,Fowlds,afowldsgu@nsw.gov.au,Male,120.249.141.127
608,Clara,Snalum,csnalumgv@washington.edu,Female,192.227.20.160
609,Hasty,Figgures,hfigguresgw@last.fm,Male,198.81.174.66
610,Lydie,Allbrook,lallbrookgx@techcrunch.com,Female,175.150.245.247
611,Newton,Pearman,npearmangy@economist.com,Male,249.78.202.240
612,Amye,Kauscher,akauschergz@samsung.com,Female,73.222.30.121
613,Merwyn,MacPherson,mmacphersonh0@wikispaces.com,Male,52.10.118.219
614,Torrence,Vockings,tvockingsh1@yale.edu,Male,53.159.209.92
615,Tucker,Priddle,tpriddleh2@barnesandnoble.com,Male,143.134.189.107
616,Kin,Tomaselli,ktomasellih3@studiopress.com,Male,5.171.95.70
617,Onfroi,Pickover,opickoverh4@xinhuanet.com,Male,88.76.245.243
618,Stern,Risom,srisomh5@phoca.cz,Agender,240.91.75.227
619,Avivah,Konertz,akonertzh6@google.es,Female,47.105.88.167
620,Luigi,Srawley,lsrawleyh7@merriam-webster.com,Male,29.203.1.100
621,Jordan,Fiddyment,jfiddymenth8@godaddy.com,Female,158.247.231.80
622,Cesar,Elphick,celphickh9@fotki.com,Male,35.24.42.213
623,Jaquenette,Grinham,jgrinhamha@dropbox.com,Female,76.46.28.10
624,Lennie,Maydwell,lmaydwellhb@merriam-webster.com,Male,9.51.5.56
625,Danya,Pinney,dpinneyhc@paginegialle.it,Male,236.187.33.202
626,Noelle,Stanaway,nstanawayhd@blinklist.com,Female,190.3.120.110
627,Kata,Gillbey,kgillbeyhe@mayoclinic.com,Female,170.72.169.183
628,Morley,Silverton,msilvertonhf@nymag.com,Male,114.22.132.38
629,Nikoletta,Yegorkin,nyegorkinhg@nih.gov,Female,210.7.0.107
630,Olivero,Etherton,oethertonhh@jimdo.com,Male,233.234.242.236
631,Taite,Saunderson,tsaundersonhi@topsy.com,Male,189.120.247.51
632,Edsel,Trubshawe,etrubshawehj@go.com,Male,4.130.70.46
633,Merridie,Molloy,mmolloyhk@apple.com,Female,175.52.181.252
634,Brendon,Lammerich,blammerichhl@google.co.uk,Male,239.151.44.189
635,Hector,Karolovsky,hkarolovskyhm@blogtalkradio.com,Male,151.208.16.32
636,Liuka,Griffith,lgriffithhn@livejournal.com,Female,83.127.121.117
637,Lynda,Pennington,lpenningtonho@gov.uk,Female,111.234.59.11
638,Bertrand,Fargher,bfargherhp@twitpic.com,Male,212.252.116.254
639,Liva,Cotillard,lcotillardhq@imgur.com,Female,64.19.194.191
640,Marys,De Biaggi,mdebiaggihr@comcast.net,Female,83.26.106.172
641,Francene,Cousans,fcousanshs@about.com,Female,133.117.57.58
642,Dru,Rubenov,drubenovht@netscape.com,Male,19.135.30.69
643,Lincoln,Minihane,lminihanehu@vistaprint.com,Male,28.191.179.81
644,Keri,Kalberer,kkalbererhv@nymag.com,Female,52.28.62.94
645,Paulita,Waldrum,pwaldrumhw@sourceforge.net,Female,173.222.162.133
646,Gearalt,Colbridge,gcolbridgehx@amazonaws.com,Male,219.0.53.44
647,Vicky,Casellas,vcasellashy@google.it,Female,189.186.62.182
648,Lydon,Fullagar,lfullagarhz@newsvine.com,Male,47.163.131.126
649,Yancey,Berkeley,yberkeleyi0@miitbeian.gov.cn,Male,100.246.184.103
650,Ignacio,Lum,ilumi1@hexun.com,Male,175.69.153.241
651,Gerik,Stotherfield,gstotherfieldi2@delicious.com,Male,242.138.147.90
652,Pepito,Spencer,pspenceri3@dedecms.com,Male,139.52.55.140
653,Guthry,Tallboy,gtallboyi4@elegantthemes.com,Male,41.55.222.46
654,Grenville,Teece,gteecei5@utexas.edu,Male,49.84.119.158
655,Karalee,Drew,kdrewi6@ebay.co.uk,Female,244.73.100.186
656,Edy,Simonot,esimonoti7@ucsd.edu,Female,53.91.234.49
657,Jewell,Lozano,jlozanoi8@skyrock.com,Female,73.15.253.196
658,Land,Androli,landrolii9@dailymotion.com,Male,129.170.0.235
659,Arnuad,Hendonson,ahendonsonia@acquirethisname.com,Male,132.126.87.120
660,Rozele,Tidbold,rtidboldib@live.com,Female,81.44.5.252
661,Ola,Hayhow,ohayhowic@drupal.org,Female,215.113.165.138
662,Marietta,Ramstead,mramsteadid@independent.co.uk,Female,192.178.14.23
663,Christabella,Kesper,ckesperie@google.ru,Female,44.49.234.230
664,Shem,Trevance,strevanceif@blog.com,Male,105.182.125.28
665,Niven,Stourton,nstourtonig@seesaa.net,Male,134.219.142.199
666,Jennee,Willatts,jwillattsih@ucoz.ru,Female,25.54.229.238
667,Kippy,Petrasch,kpetraschii@is.gd,Male,244.207.33.190
668,Ofelia,Fensome,ofensomeij@acquirethisname.com,Female,82.33.103.245
669,Georgianna,Mellers,gmellersik@artisteer.com,Female,155.124.177.221
670,Althea,Hunting,ahuntingil@exblog.jp,Female,82.204.114.54
671,Claus,Yakov,cyakovim@ehow.com,Male,80.0.34.224
672,Galvan,Spiteri,gspiteriin@ed.gov,Male,29.170.182.145
673,Tersina,Skully,tskullyio@mapy.cz,Agender,227.229.122.202
674,Gene,Sheber,gsheberip@phpbb.com,Female,136.40.113.209
675,Rockey,Ondrak,rondrakiq@mlb.com,Male,195.48.247.13
676,Trevar,Akam,takamir@newyorker.com,Male,113.67.73.161
677,Merell,Doggerell,mdoggerellis@ox.ac.uk,Male,9.18.247.212
678,Nicolle,Dickinson,ndickinsonit@ucoz.ru,Non-binary,243.58.252.195
679,Micheline,Keeley,mkeeleyiu@sohu.com,Female,155.83.68.93
680,Raff,Grimbleby,rgrimblebyiv@google.de,Male,87.33.170.0
681,Shirley,Manderson,smandersoniw@ucla.edu,Female,12.172.211.241
682,Jacquetta,Kleinmann,jkleinmannix@un.org,Female,78.1.225.239
683,Horacio,Writtle,hwrittleiy@wisc.edu,Male,41.71.23.5
684,Ross,Chapleo,rchapleoiz@alexa.com,Male,252.240.220.61
685,Homere,Hazelhurst,hhazelhurstj0@constantcontact.com,Male,29.193.151.26
686,Lenna,Aldam,laldamj1@imageshack.us,Female,117.168.238.236
687,Pete,Growcott,pgrowcottj2@wired.com,Genderqueer,62.241.41.65
688,Michel,Buddock,mbuddockj3@who.int,Female,9.90.62.77
689,Ezra,Eakly,eeaklyj4@cdc.gov,Male,203.63.179.160
690,Archambault,Rosenauer,arosenauerj5@dedecms.com,Male,184.110.205.196
691,Shir,Bromont,sbromontj6@dailymotion.com,Female,255.240.51.121
692,Ezekiel,Aspinal,easpinalj7@goo.gl,Male,195.172.167.192
693,Dunn,Nott,dnottj8@csmonitor.com,Male,152.31.198.70
694,Erika,Eaken,eeakenj9@nhs.uk,Female,169.239.214.182
695,Geri,Trewartha,gtrewarthaja@wsj.com,Female,245.120.75.141
696,Ingra,Croke,icrokejb@home.pl,Male,113.203.178.19
697,Karl,Brickhill,kbrickhilljc@wunderground.com,Male,198.86.114.81
698,Norrie,Riggert,nriggertjd@google.ru,Female,0.20.226.239
699,Joelynn,Faulconbridge,jfaulconbridgeje@hud.gov,Female,90.76.38.198
700,Kayle,Waith,kwaithjf@home.pl,Female,122.0.28.212
701,Modestine,Archdeacon,marchdeaconjg@comcast.net,Female,209.47.16.65
702,Boy,Rosso,brossojh@latimes.com,Male,168.106.96.57
703,Tiffie,Santos,tsantosji@typepad.com,Female,252.96.217.141
704,Ermentrude,Saul,esauljj@army.mil,Female,7.196.129.76
705,Melva,Solway,msolwayjk@dell.com,Female,163.30.129.130
706,Dede,Jiracek,djiracekjl@is.gd,Female,206.16.198.72
707,Judi,O'Crigane,jocriganejm@nhs.uk,Female,124.199.123.20
708,Sianna,Breitler,sbreitlerjn@smh.com.au,Female,155.80.208.119
709,Ebenezer,Caesman,ecaesmanjo@scientificamerican.com,Genderfluid,215.86.92.183
710,Goldie,Andraud,gandraudjp@ucla.edu,Female,158.69.96.227
711,Francis,Chavez,fchavezjq@census.gov,Male,2.253.50.30
712,Raye,Dancy,rdancyjr@webnode.com,Female,84.181.34.236
713,Barri,Busst,bbusstjs@mayoclinic.com,Male,64.200.94.186
714,Sarina,Pettus,spettusjt@clickbank.net,Female,103.50.3.3
715,Myrtice,Emett,memettju@yahoo.co.jp,Female,57.180.40.127
716,Fancie,Durbann,fdurbannjv@netscape.com,Female,171.140.182.63
717,Keely,Girogetti,kgirogettijw@hibu.com,Female,37.121.36.112
718,Julian,Kenwell,jkenwelljx@netlog.com,Male,246.122.37.118
719,Kristoffer,Averay,kaverayjy@freewebs.com,Male,215.91.39.185
720,Tiffie,Satchel,tsatcheljz@huffingtonpost.com,Female,26.154.44.244
721,Liesa,Alvaro,lalvarok0@ow.ly,Female,178.41.74.221
722,Auberon,Gwilt,agwiltk1@istockphoto.com,Bigender,170.142.128.245
723,Morena,Spensly,mspenslyk2@ameblo.jp,Female,131.105.249.249
724,Jerrie,Barbosa,jbarbosak3@latimes.com,Female,235.111.163.130
725,Gaspard,Sollowaye,gsollowayek4@miibeian.gov.cn,Male,89.89.199.77
726,Corabella,Sieghart,csieghartk5@kickstarter.com,Female,129.54.213.187
727,Rolph,Gilvear,rgilveark6@sbwire.com,Male,74.251.145.66
728,Dorothee,Packham,dpackhamk7@ycombinator.com,Female,130.45.126.237
729,Lynnell,Doumenc,ldoumenck8@timesonline.co.uk,Female,225.78.186.63
730,Chrissie,Reggiani,creggianik9@scribd.com,Male,193.83.9.150
731,Manya,Simms,msimmska@deviantart.com,Genderfluid,60.128.168.169
732,Fawnia,Brise,fbrisekb@nymag.com,Female,170.76.8.103
733,Briant,Gladtbach,bgladtbachkc@mapy.cz,Male,87.181.242.58
734,Quintus,Bevington,qbevingtonkd@ow.ly,Male,190.133.210.51
735,Natka,Belchamp,nbelchampke@cnn.com,Polygender,158.237.214.149
736,Jacky,Driffe,jdriffekf@technorati.com,Male,46.254.132.158
737,Yasmin,Starmore,ystarmorekg@shop-pro.jp,Female,175.91.27.84
738,Linoel,Kamen,lkamenkh@yolasite.com,Male,94.243.72.224
739,Krissy,Spooner,kspoonerki@independent.co.uk,Female,56.48.227.221
740,Rorke,Scuffham,rscuffhamkj@behance.net,Male,153.48.20.215
741,Jakie,Speechly,jspeechlykk@marriott.com,Male,5.24.133.48
742,Caressa,Wastie,cwastiekl@ihg.com,Female,149.135.37.20
743,Kakalina,Habishaw,khabishawkm@yellowbook.com,Female,175.160.253.197
744,Allix,Adin,aadinkn@scientificamerican.com,Female,140.34.8.205
745,Nixie,Lukacs,nlukacsko@yelp.com,Female,234.29.199.181
746,Erinna,Grimsdale,egrimsdalekp@census.gov,Female,249.209.123.244
747,Wald,Foley,wfoleykq@samsung.com,Male,74.129.107.125
748,Torin,Babin,tbabinkr@purevolume.com,Male,47.108.240.176
749,Cathlene,Pitford,cpitfordks@macromedia.com,Female,217.23.229.152
750,Cornelle,Ivanyukov,civanyukovkt@accuweather.com,Female,160.41.79.143
751,Roman,Worsfield,rworsfieldku@cyberchimps.com,Male,87.34.229.72
752,Hyacinth,McEvon,hmcevonkv@salon.com,Female,191.2.61.209
753,Chrissy,Jocic,cjocickw@tripadvisor.com,Female,188.50.81.223
754,Alon,Mottershaw,amottershawkx@parallels.com,Male,32.128.128.204
755,Roze,Filippi,rfilippiky@soup.io,Female,7.192.159.179
756,Alexis,Nowick,anowickkz@tripod.com,Male,210.162.202.179
757,Cynthia,Widdall,cwiddalll0@histats.com,Female,73.243.41.139
758,Blanche,Ladloe,bladloel1@huffingtonpost.com,Female,55.75.40.212
759,Levi,Bakhrushkin,lbakhrushkinl2@dot.gov,Male,231.18.175.89
760,Giordano,Heningam,gheningaml3@discovery.com,Male,50.224.120.126
761,Marlo,MacCrosson,mmaccrossonl4@histats.com,Genderqueer,241.236.95.79
762,Kermie,Grigoliis,kgrigoliisl5@jigsy.com,Genderfluid,172.234.70.28
763,Blake,Huffey,bhuffeyl6@mit.edu,Male,29.246.75.138
764,Starlene,Devanney,sdevanneyl7@cbc.ca,Female,68.72.63.24
765,Flossy,Reinhart,freinhartl8@icq.com,Female,46.12.104.35
766,Dedie,Mousby,dmousbyl9@vkontakte.ru,Female,91.188.242.132
767,Emmalynn,Fatharly,efatharlyla@uol.com.br,Female,183.223.248.2
768,Ariel,Wythill,awythilllb@topsy.com,Female,50.90.63.190
769,Morey,Lavens,mlavenslc@mayoclinic.com,Male,129.204.179.242
770,Tiffy,Stoltz,tstoltzld@sohu.com,Agender,11.253.21.8
771,Valentine,Byrkmyr,vbyrkmyrle@jimdo.com,Female,231.112.126.236
772,Henrik,Acuna,hacunalf@t-online.de,Male,127.144.111.25
773,Gerladina,Snozzwell,gsnozzwelllg@nba.com,Female,28.215.143.120
774,Heindrick,Ondra,hondralh@reference.com,Male,74.15.182.73
775,Claus,Sowden,csowdenli@google.es,Male,205.136.18.128
776,Emmy,Petrelli,epetrellilj@dailymail.co.uk,Male,132.192.151.36
777,Gerome,Prandy,gprandylk@joomla.org,Male,170.32.255.186
778,Frasco,Ramalho,framalholl@home.pl,Male,176.141.179.192
779,Elwood,Dadd,edaddlm@indiatimes.com,Male,254.213.156.169
780,Ree,Pocock,rpocockln@imgur.com,Female,86.29.250.121
781,Hewet,Brazer,hbrazerlo@nba.com,Male,237.165.189.57
782,Myrtle,Drain,mdrainlp@europa.eu,Female,186.33.110.37
783,Arleen,Lindermann,alindermannlq@diigo.com,Female,192.60.160.49
784,Karlee,Yglesias,kyglesiaslr@nifty.com,Female,23.229.31.142
785,Skylar,Mordanti,smordantils@deviantart.com,Male,96.195.240.109
786,Rosaleen,Cordy,rcordylt@cdbaby.com,Female,223.20.103.57
787,Kristyn,Comberbach,kcomberbachlu@washington.edu,Female,236.158.64.100
788,Thomasa,Upcott,tupcottlv@google.fr,Female,138.123.136.237
789,Lisetta,Ambrosch,lambroschlw@msn.com,Female,138.51.159.221
790,Stacy,Mowle,smowlelx@weather.com,Male,13.63.75.27
791,Gibb,Kynson,gkynsonly@ftc.gov,Male,72.118.184.116
792,Yovonnda,Karpeev,ykarpeevlz@jalbum.net,Genderfluid,204.232.144.162
793,Tedie,Srutton,tsruttonm0@desdev.cn,Male,74.58.69.88
794,Terry,Pinchen,tpinchenm1@google.co.uk,Male,61.194.223.208
795,Weber,Tyzack,wtyzackm2@uol.com.br,Male,18.224.24.58
796,Butch,Beszant,bbeszantm3@technorati.com,Male,97.91.231.131
797,Burg,Staveley,bstaveleym4@sakura.ne.jp,Non-binary,46.206.154.215
798,Joanna,Ezzell,jezzellm5@google.pl,Female,44.64.38.23
799,Wilbur,Britten,wbrittenm6@howstuffworks.com,Male,138.164.93.103
800,Dev,Mylchreest,dmylchreestm7@yandex.ru,Male,132.254.104.124
801,Anet,Boak,aboakm8@discuz.net,Female,129.36.76.208
802,Terri,Suddards,tsuddardsm9@hud.gov,Female,110.63.42.111
803,Malissia,Graveson,mgravesonma@slate.com,Female,227.94.186.213
804,Lucila,Brendel,lbrendelmb@tmall.com,Bigender,170.118.156.110
805,Tobiah,Wreford,twrefordmc@google.ca,Male,75.182.215.247
806,Tudor,Click,tclickmd@dell.com,Male,27.23.129.65
807,Townie,Porkiss,tporkissme@vimeo.com,Male,117.254.10.56
808,Adler,Buttwell,abuttwellmf@blogtalkradio.com,Male,37.106.169.80
809,Clara,Mercy,cmercymg@livejournal.com,Female,94.121.156.128
810,Michelina,Drivers,mdriversmh@domainmarket.com,Female,192.47.68.253
811,Duky,Nazer,dnazermi@prnewswire.com,Male,145.98.183.134
812,Daryl,Gethyn,dgethynmj@smugmug.com,Male,186.157.244.29
813,Eadith,Chopping,echoppingmk@opensource.org,Female,93.2.144.75
814,Orv,Huxster,ohuxsterml@youku.com,Male,242.113.176.76
815,Stern,Badrock,sbadrockmm@canalblog.com,Male,180.178.185.192
816,Lotte,Danilyak,ldanilyakmn@wix.com,Female,83.227.137.164
817,Terrill,Absalom,tabsalommo@eventbrite.com,Male,65.12.191.27
818,Norby,Renvoise,nrenvoisemp@timesonline.co.uk,Male,154.205.37.193
819,Jewel,Sommerled,jsommerledmq@samsung.com,Female,74.57.222.218
820,Eloisa,Alenichev,ealenichevmr@unicef.org,Female,26.139.31.237
821,Charis,Loughnan,cloughnanms@google.nl,Female,58.98.139.44
822,Parnell,Edwick,pedwickmt@webmd.com,Male,0.184.200.125
823,Dun,Crinkley,dcrinkleymu@hostgator.com,Male,28.252.124.16
824,Rhetta,Lindblad,rlindbladmv@ft.com,Female,248.117.68.157
825,Kerby,Matzeitis,kmatzeitismw@163.com,Polygender,204.87.135.139
826,Reyna,Diviney,rdivineymx@plala.or.jp,Female,244.229.255.178
827,Jorey,Hillan,jhillanmy@ed.gov,Non-binary,201.92.209.241
828,Jules,Bernath,jbernathmz@hp.com,Male,174.122.164.167
829,Spense,Stirgess,sstirgessn0@wp.com,Male,239.138.86.120
830,Regan,Geroldini,rgeroldinin1@symantec.com,Male,182.146.98.59
831,Lilith,Deverson,ldeversonn2@jigsy.com,Female,230.148.90.85
832,Betteanne,Deeman,bdeemann3@omniture.com,Female,225.239.37.171
833,Gwendolyn,Elan,gelann4@wufoo.com,Female,28.66.173.178
834,Maynord,Sowthcote,msowthcoten5@ihg.com,Male,128.50.205.145
835,Jose,Wattam,jwattamn6@ftc.gov,Male,162.237.229.30
836,Dew,Titt,dtittn7@amazon.co.uk,Male,19.166.119.86
837,Anselm,O'Loughlin,aoloughlinn8@zdnet.com,Male,107.130.82.38
838,Shayna,Grossman,sgrossmann9@nyu.edu,Female,22.92.40.55
839,Padget,Livoir,plivoirna@kickstarter.com,Male,243.165.33.63
840,Forest,Winskill,fwinskillnb@netvibes.com,Male,75.64.34.113
841,Andrew,Salkild,asalkildnc@instagram.com,Male,131.139.14.194
842,Katerine,Comben,kcombennd@google.co.uk,Female,232.184.132.248
843,Marmaduke,Leggat,mleggatne@imgur.com,Male,53.34.28.129
844,Bevin,Freeberne,bfreebernenf@wordpress.org,Genderfluid,195.171.18.64
845,Ilysa,Worthy,iworthyng@amazon.de,Female,91.163.99.112
846,Dierdre,Dufoure,ddufourenh@rediff.com,Female,10.112.238.38
847,Cristie,Decort,cdecortni@fc2.com,Non-binary,64.194.37.192
848,Lolly,MacGee,lmacgeenj@vistaprint.com,Female,21.33.65.127
849,Barny,Polin,bpolinnk@foxnews.com,Male,36.134.166.166
850,Fania,Skewes,fskewesnl@gov.uk,Female,50.75.210.138
851,Jessalyn,Arno,jarnonm@canalblog.com,Female,236.181.249.147
852,Saunders,Feaviour,sfeaviournn@quantcast.com,Genderqueer,158.164.245.132
853,Ronny,Sellen,rsellenno@wp.com,Male,7.253.93.81
854,Angelika,Reyner,areynernp@house.gov,Agender,81.69.178.211
855,Ami,Skuce,askucenq@cafepress.com,Female,149.56.180.118
856,Any,Francello,afrancellonr@netvibes.com,Non-binary,154.219.111.24
857,Vonnie,Thake,vthakens@example.com,Female,213.221.172.199
858,Carley,Mabley,cmableynt@abc.net.au,Female,170.165.203.246
859,Kimmi,Trussell,ktrussellnu@marriott.com,Bigender,62.172.64.152
860,Mickey,Shreenan,mshreenannv@imageshack.us,Male,31.36.48.225
861,Frank,Otterwell,fotterwellnw@eventbrite.com,Male,156.97.30.130
862,Mark,Rosenbarg,mrosenbargnx@oaic.gov.au,Male,67.255.118.237
863,Shelbi,Winsborrow,swinsborrowny@i2i.jp,Female,87.14.208.201
864,Sherye,Warlow,swarlownz@discuz.net,Female,6.58.192.229
865,Fanechka,Munning,fmunningo0@spotify.com,Female,220.170.136.47
866,Minnaminnie,Connell,mconnello1@google.com.hk,Female,46.4.112.247
867,Katrinka,Lytton,klyttono2@google.fr,Female,255.198.129.65
868,Sandra,Aldcorne,saldcorneo3@gravatar.com,Female,108.60.131.248
869,Zea,Tasker,ztaskero4@toplist.cz,Female,54.247.63.14
870,Rufus,Carle,rcarleo5@elpais.com,Male,83.94.182.183
871,Zach,Moth,zmotho6@about.com,Male,225.129.64.127
872,Shalom,Pashen,spasheno7@squidoo.com,Male,191.244.182.4
873,Allen,Ferriday,aferridayo8@narod.ru,Male,42.102.190.140
874,Davey,Huckleby,dhucklebyo9@ycombinator.com,Male,41.148.194.38
875,Arlan,Ephgrave,aephgraveoa@google.co.uk,Male,54.179.48.227
876,Reggi,Dreini,rdreiniob@state.tx.us,Non-binary,124.112.11.101
877,Ardra,Giffen,agiffenoc@dot.gov,Female,141.80.34.165
878,Skipp,Woolfitt,swoolfittod@reference.com,Male,2.222.164.10
879,Samson,Dexter,sdexteroe@bloomberg.com,Male,25.204.11.27
880,Ellery,Gowanlock,egowanlockof@guardian.co.uk,Male,20.117.6.81
881,Anet,Caney,acaneyog@ning.com,Non-binary,163.175.53.38
882,Forrest,Giroldi,fgiroldioh@yelp.com,Male,88.92.202.41
883,Jude,Phaup,jphaupoi@sourceforge.net,Male,148.155.49.43
884,Keane,Taillant,ktaillantoj@squarespace.com,Male,217.19.215.31
885,Gordon,Odo,godook@pen.io,Male,7.111.38.113
886,Pete,Skillitt,pskillittol@vimeo.com,Bigender,34.120.114.87
887,Marybeth,Liggens,mliggensom@tripod.com,Female,197.32.99.133
888,Ferguson,Cheel,fcheelon@sphinn.com,Male,132.35.175.221
889,Meggy,Arrigucci,marriguccioo@livejournal.com,Female,224.249.209.8
890,Rowen,Warlock,rwarlockop@springer.com,Male,162.28.207.167
891,Nil,Agate,nagateoq@google.com.hk,Male,207.27.212.51
892,Olvan,Beentjes,obeentjesor@altervista.org,Male,81.81.190.124
893,Jaymie,Couchman,jcouchmanos@lulu.com,Male,99.57.160.83
894,Garik,Winspire,gwinspireot@hao123.com,Male,74.155.134.52
895,Bogey,Chopping,bchoppingou@redcross.org,Genderqueer,208.184.205.250
896,Poul,Perch,pperchov@pcworld.com,Male,243.30.155.192
897,Jeddy,Fahrenbach,jfahrenbachow@themeforest.net,Male,123.127.20.208
898,Nye,Eland,nelandox@reddit.com,Male,18.226.249.205
899,Marla,Quarlis,mquarlisoy@archive.org,Non-binary,40.22.207.12
900,Kaitlynn,Paulich,kpaulichoz@jalbum.net,Female,200.162.110.32
901,Mathilde,Crowch,mcrowchp0@123-reg.co.uk,Female,189.240.2.60
902,Karilynn,Connue,kconnuep1@guardian.co.uk,Non-binary,206.229.109.49
903,Elladine,Ivanikhin,eivanikhinp2@ocn.ne.jp,Female,214.93.126.158
904,Benetta,Schlagtmans,bschlagtmansp3@hibu.com,Female,238.20.43.73
905,Nevil,Gooble,ngooblep4@moonfruit.com,Male,213.200.76.142
906,Franni,Minchinden,fminchindenp5@deliciousdays.com,Polygender,239.80.50.94
907,Cross,Karchewski,ckarchewskip6@macromedia.com,Male,175.207.103.213
908,Billy,Gaine of England,bgaineofenglandp7@microsoft.com,Female,151.241.81.133
909,Vivianna,Jakel,vjakelp8@php.net,Female,227.11.162.249
910,Pauly,Bilofsky,pbilofskyp9@de.vu,Female,127.131.121.41
911,Nataline,Balmer,nbalmerpa@ucsd.edu,Female,161.113.61.165
912,Alvera,Orsi,aorsipb@amazonaws.com,Female,37.45.7.222
913,Lucy,Worsalls,lworsallspc@geocities.jp,Female,126.64.26.14
914,Babs,Jados,bjadospd@cdc.gov,Female,3.72.34.121
915,Bill,Andreassen,bandreassenpe@geocities.jp,Female,190.24.180.193
916,Nigel,Blazejewski,nblazejewskipf@unicef.org,Male,234.126.194.233
917,Margery,Napoleon,mnapoleonpg@zimbio.com,Female,30.150.49.92
918,Meta,McMorland,mmcmorlandph@flavors.me,Female,130.67.58.212
919,Dorette,Ivanyushin,divanyushinpi@mozilla.org,Female,26.43.238.156
920,Gray,Nare,gnarepj@diigo.com,Male,246.238.10.135
921,Rosene,Nuccii,rnucciipk@globo.com,Female,128.104.205.205
922,Sayres,Murrigans,smurriganspl@tiny.cc,Male,104.88.247.39
923,Brendan,Birtles,bbirtlespm@sciencedaily.com,Male,46.202.7.121
924,Sumner,Bysshe,sbysshepn@amazon.de,Male,226.168.229.114
925,Roi,Coulston,rcoulstonpo@spotify.com,Male,136.245.163.207
926,Isobel,Startin,istartinpp@home.pl,Female,157.206.131.255
927,Helene,Zarfati,hzarfatipq@hao123.com,Female,67.58.97.179
928,Gard,Tremlett,gtremlettpr@constantcontact.com,Male,61.182.133.125
929,Valencia,Parades,vparadesps@w3.org,Female,160.121.61.31
930,Edmon,Killiam,ekilliampt@merriam-webster.com,Male,194.120.41.206
931,Ned,Keinrat,nkeinratpu@prnewswire.com,Male,213.166.53.192
932,Warren,Dicker,wdickerpv@youtu.be,Male,198.239.124.212
933,Trstram,Trim,ttrimpw@hp.com,Agender,84.128.218.197
934,Naoma,Loweth,nlowethpx@ebay.com,Female,228.214.88.56
935,Rinaldo,Kneal,rknealpy@disqus.com,Male,12.60.45.148
936,Horace,Chicchelli,hchicchellipz@kickstarter.com,Male,102.88.212.245
937,Merell,Orringe,morringeq0@youku.com,Male,103.204.67.223
938,Cleve,Eastby,ceastbyq1@deviantart.com,Male,210.141.32.154
939,Ignazio,Berlin,iberlinq2@usnews.com,Male,43.196.114.128
940,Sumner,Linskey,slinskeyq3@nymag.com,Male,104.129.225.129
941,Irv,Tolefree,itolefreeq4@stumbleupon.com,Male,112.245.18.118
942,Perry,Fleury,pfleuryq5@yolasite.com,Male,119.208.68.128
943,Caroline,Fairlie,cfairlieq6@cdc.gov,Non-binary,99.99.209.246
944,Reggis,Mungane,rmunganeq7@cbc.ca,Male,46.1.27.168
945,Terri-jo,Buzine,tbuzineq8@livejournal.com,Female,232.147.157.183
946,Gertrude,Glaserman,gglasermanq9@netscape.com,Bigender,160.14.20.248
947,Godfree,Ponton,gpontonqa@va.gov,Male,166.210.87.9
948,Jolyn,Pizzey,jpizzeyqb@yellowbook.com,Female,18.46.41.191
949,Sol,Tripp,strippqc@boston.com,Male,50.140.226.209
950,Jard,Stoggell,jstoggellqd@timesonline.co.uk,Male,118.109.52.2
951,Joscelin,Jouning,jjouningqe@unicef.org,Female,140.252.183.161
952,Kelsey,Kirdsch,kkirdschqf@uiuc.edu,Female,102.196.8.76
953,Arabelle,Copins,acopinsqg@multiply.com,Female,61.23.88.50
954,Melissa,Noriega,mnoriegaqh@lulu.com,Female,23.173.142.103
955,Merwyn,Fransoni,mfransoniqi@reverbnation.com,Male,16.216.74.180
956,Richy,Baudi,rbaudiqj@baidu.com,Male,44.202.36.252
957,Jasmine,Madill,jmadillqk@wiley.com,Female,79.101.188.113
958,Joshua,Snowsill,jsnowsillql@loc.gov,Male,205.10.208.91
959,Rebe,Barwell,rbarwellqm@miibeian.gov.cn,Female,117.48.232.22
960,Tanya,Dellenbroker,tdellenbrokerqn@51.la,Female,184.157.175.71
961,Lisa,Eiler,leilerqo@acquirethisname.com,Female,115.115.68.124
962,Washington,Weatherell,wweatherellqp@apple.com,Male,218.244.167.179
963,Rolland,Ferrieres,rferrieresqq@multiply.com,Male,120.145.198.15
964,Elaine,Mantz,emantzqr@sourceforge.net,Bigender,198.45.235.232
965,Roxine,Horrell,rhorrellqs@blogtalkradio.com,Female,199.234.27.146
966,Audie,Hardinge,ahardingeqt@squarespace.com,Female,27.218.28.182
967,Yolande,Verriour,yverriourqu@feedburner.com,Female,235.247.226.155
968,Kaycee,Hubble,khubbleqv@pen.io,Female,2.30.210.76
969,Terry,Mattson,tmattsonqw@google.es,Male,245.204.163.245
970,Bennie,Blunsum,bblunsumqx@uiuc.edu,Non-binary,122.39.194.4
971,Malachi,Kayne,mkayneqy@weibo.com,Male,9.101.127.84
972,Hyatt,Wadeson,hwadesonqz@gmpg.org,Male,175.242.197.218
973,Malinde,Pleager,mpleagerr0@fastcompany.com,Female,148.250.209.180
974,Menard,Cotterrill,mcotterrillr1@seattletimes.com,Male,255.183.139.241
975,Wiatt,Juster,wjusterr2@reverbnation.com,Male,252.96.79.45
976,Irvin,Carnaman,icarnamanr3@hostgator.com,Male,123.143.243.101
977,Eduino,Ekins,eekinsr4@google.com.br,Male,92.248.110.138
978,Hannis,Figurski,hfigurskir5@indiatimes.com,Female,210.132.213.78
979,Zacharias,McParland,zmcparlandr6@sphinn.com,Male,243.229.19.132
980,Renado,Vedekhin,rvedekhinr7@cnbc.com,Male,42.238.15.164
981,Auberta,Sheppey,asheppeyr8@answers.com,Female,27.162.250.213
982,Fredericka,Kenington,fkeningtonr9@tinyurl.com,Female,32.117.183.128
983,Karisa,Bertram,kbertramra@sogou.com,Female,150.216.250.196
984,Jere,Eveque,jevequerb@exblog.jp,Female,133.136.87.97
985,Frankie,McClelland,fmcclellandrc@oakley.com,Female,226.100.61.51
986,Spencer,Hehir,shehirrd@hostgator.com,Male,219.32.207.159
987,Isidoro,Crawshay,icrawshayre@hostgator.com,Genderfluid,206.243.44.158
988,Oliver,Safell,osafellrf@sphinn.com,Male,29.28.162.175
989,Lannie,Ghiotto,lghiottorg@pagesperso-orange.fr,Male,174.5.253.32
990,Juli,Lerego,jleregorh@drupal.org,Female,24.172.48.92
991,Arden,Growcock,agrowcockri@ovh.net,Female,147.0.83.31
992,Betsey,Randall,brandallrj@issuu.com,Female,253.80.235.202
993,Donovan,Clewer,dclewerrk@msn.com,Male,174.139.169.221
994,Lolly,Lemary,llemaryrl@aboutads.info,Female,238.199.90.1
995,Xenos,Senechault,xsenechaultrm@mediafire.com,Male,219.148.232.99
996,Paddie,Wilcocke,pwilcockern@blinklist.com,Male,53.181.94.164
997,Culley,Levicount,clevicountro@vimeo.com,Male,159.220.235.125
998,Justinian,Whistlecroft,jwhistlecroftrp@amazon.com,Male,31.58.173.255
999,Charla,Feuell,cfeuellrq@netvibes.com,Female,98.87.31.33
1000,Valentina,Bread,vbreadrr@nhs.uk,Female,132.237.159.196
